분류,장소명,카카오맵_장소명,위도,경도,주소,
자연,1100고지습지,1100고지습지 람사르습지,33.35801935,126.4636297,제주특별자치도 서귀포시 색달동 산 1-1,
자연,가마오름,가마오름,33.30556183,126.2471064,제주특별자치도 제주시 한경면 청수리 1202,
자연,가메창,가메창,33.3297625,126.2485824,제주특별자치도 제주시 한경면 저지리 1469,
자연,가문이오름,가문이오름,33.40213611,126.6882072,제주특별자치도 서귀포시 표선면 가시리 산 158-2,
자연,가새기오름,가새기오름,33.48908103,126.5038106,제주특별자치도 제주시 오라동 산 2845,
자연,가세오름,가세오름,33.33218176,126.7812926,제주특별자치도 서귀포시 표선면 토산리 산 2,
자연,가시오름,가시오름,33.24668558,126.243311,제주특별자치도 서귀포시 대정읍 동일리 1706,
자연,가파도,가파도,33.16975363,126.2713021,제주특별자치도 서귀포시 대정읍 가파리,
자연,갈마못,갈마못,33.38806599,126.8085037,제주특별자치도 서귀포시 성산읍 삼달리 2257-10,
자연,감낭오름,감낭오름,33.32456895,126.3501946,제주특별자치도 서귀포시 안덕면 동광리 산 41,
자연,감은이오름,가문이오름,33.40213611,126.6882072,제주특별자치도 서귀포시 표선면 가시리 산 158-2,
자연,갑선이오름,갑선이오름,33.36086847,126.7816506,제주특별자치도 서귀포시 표선면 가시리 산 2,
자연,강정천,강정천,33.23266591,126.4894282,제주특별자치도 서귀포시 강정동 5647,
자연,개오름,개오름,33.42270533,126.7718105,제주특별자치도 서귀포시 표선면 성읍리 2974,
자연,개오리오름,개오리오름,33.42667412,126.6126196,제주특별자치도 제주시 봉개동 산 78-1,
자연,갯거리오름,갯거리오름,33.37576932,126.2928172,제주특별자치도 제주시 한림읍 명월리 15,
자연,거린사슴,거린사슴,33.30963046,126.4542576,제주특별자치도 서귀포시 대포동 산 2-1,
자연,거문오름,거문오름,33.45471604,126.7182865,제주특별자치도 제주시 조천읍 선흘리 산 102-1,
자연,거미오름,거미오름,33.44893905,126.8036765,제주특별자치도 제주시 구좌읍 종달리 산 70,
자연,거슨세미,거슨세미,33.45017515,126.7601054,제주특별자치도 제주시 구좌읍 송당리 산 145,
자연,걸시오름,걸시오름,33.41384825,126.5038561,제주특별자치도 제주시 연동 2448-281,
자연,검멀레해변,검멀레해변,33.49717101,126.9669025,제주특별자치도 제주시 우도면 연평리,
자연,고근산,고근산,33.2667657,126.5128678,제주특별자치도 서귀포시 서호동 1286-1,
자연,곽지과물해변,곽지해수욕장,33.45065751,126.3046732,제주특별자치도 제주시 애월읍 곽지리 1565,
자연,광치기해변,광치기해변,33.45208646,126.9244905,제주특별자치도 서귀포시 성산읍 오조리,
자연,괴오름,괴오름,33.35849651,126.3794884,제주특별자치도 제주시 애월읍 봉성리 산 41,
자연,구두리오름,구두리오름,33.41004775,126.6878435,제주특별자치도 서귀포시 표선면 가시리 158-2,
자연,구시물,구시물,33.29493824,126.7126771,제주특별자치도 서귀포시 남원읍 남원리,
자연,군산오름,군산,33.25313318,126.3699625,제주특별자치도 서귀포시 안덕면 창천리 산 3-1,
자연,금능으뜸원해변,금능해수욕장,33.39044882,126.2358899,제주특별자치도 제주시 한림읍 금능리 2026,
자연,금오름,금악오름,33.35455001,126.3057176,제주특별자치도 제주시 한림읍 금악리 산 1-1,
자연,김녕사굴,김녕사굴,33.543884,126.7754763,제주특별자치도 제주시 구좌읍 김녕리 201-4,
자연,김녕성세기해변,김녕해수욕장,33.55743886,126.759314,제주특별자치도 제주시 구좌읍 김녕리 497-4,
자연,남원큰엉해안,큰엉해안경승지,33.27333215,126.7037144,제주특별자치도 서귀포시 남원읍 남원리,
자연,남제주억새오름길,남제주억새오름길,33.45014133,126.88141,제주특별자치도 서귀포시 성산읍 수산리,
자연,높은오름,높은오름,33.45644843,126.7930668,제주특별자치도 제주시 구좌읍 송당리 산 213-1,
자연,다랑쉬오름,다랑쉬,33.47766962,126.8215274,제주특별자치도 제주시 구좌읍 세화리 산 6,
자연,다려도,다려도,33.55679291,126.6952768,제주특별자치도 제주시 조천읍 북촌리,
자연,도너리오름,도너리오름,33.32569857,126.3213432,제주특별자치도 제주시 한림읍 금악리 산 60,
자연,도리미오름,큰돌이미,33.43175354,126.7725922,제주특별자치도 제주시 구좌읍 송당리 산 255-1,
자연,돈내코,돈내코유원지,33.30036663,126.5841333,제주특별자치도 서귀포시 상효동 1459,
자연,동백동산,동백동산,33.5164508,126.7160285,제주특별자치도 제주시 조천읍 선흘리 산 12,
자연,동수악,한라산 동수악,33.36134621,126.6277023,제주특별자치도 서귀포시 남원읍 한남리 산 2-12,
자연,둔지봉,둔지봉,33.50276525,126.7949756,제주특별자치도 제주시 구좌읍 한동리 산 40,
자연,따라비오름,따라비오름,33.38870699,126.7528584,제주특별자치도 서귀포시 표선면 가시리 산 63,
자연,마라도등대,마라도항로표지관리소,33.11665537,126.2695123,제주특별자치도 서귀포시 대정읍 가파리 642,
자연,마라도,마라도,33.11848091,126.2671657,제주특별자치도 서귀포시 대정읍 가파리 600,
자연,만장굴,만장굴,33.52793252,126.7693513,제주특별자치도 제주시 구좌읍 김녕리 3341-3,
자연,모구리오름,모구리오름,33.40899489,126.828617,제주특별자치도 서귀포시 성산읍 난산리 2960-1,
자연,모지오름,모지오름,33.39354749,126.768129,제주특별자치도 서귀포시 표선면 성읍리 산 22,
자연,무수천,무수천,33.46105275,126.4476441,제주특별자치도 제주시 애월읍 광령리,
자연,물영아리오름,물영아리,33.36847197,126.6919721,제주특별자치도 서귀포시 남원읍 수망리 산 188,
자연,바늘오름,바농오름,33.45396336,126.6526005,제주특별자치도 제주시 조천읍 교래리 산 108,
자연,방선문,방선문,33.4528273,126.5178317,제주특별자치도 제주시 오라이동 3819-11,
자연,별도봉,별도봉,33.51893297,126.5526502,제주특별자치도 제주시 화북일동 4472,
자연,보목마을,보목마을,33.24072486,126.603755,제주특별자치도 서귀포시 보목동,
자연,붉은오름자연휴양림,붉은오름자연휴양림,33.40149008,126.6753618,제주특별자치도 서귀포시 표선면 가시리 산 158,
자연,비양도,비양도,33.41027771,126.2273484,제주특별자치도 제주시 한림읍 협재리,
자연,비양봉,비양봉,33.40945313,126.226973,제주특별자치도 제주시 한림읍 협재리 산 100-1,
자연,비자림,비자림,33.49040837,126.8099875,제주특별자치도 제주시 구좌읍 평대리 3161-1,
자연,사라봉,사라봉,33.51793874,126.5450389,제주특별자치도 제주시 건입동 387-1,
자연,사라오름,사라봉,33.51793874,126.5450389,제주특별자치도 제주시 건입동 387-1,
자연,산굼부리,산굼부리,33.43257412,126.6938406,제주특별자치도 제주시 조천읍 교래리 166-2,
자연,산방산,산방산,34.86068974,128.5387014,경남 거제시 둔덕면 산방리,
자연,산지등대,산지항로표지관리소,33.5214721,126.5457825,제주특별자치도 제주시 건입동 340-2,
자연,산지천,산지천,33.51335755,126.5274026,제주특별자치도 제주시 일도1동,
자연,삼양검은모래해변,삼양해수욕장,33.52586702,126.5855373,제주특별자치도 제주시 삼양이동 1960-4,
자연,삼의봉,삼의봉,33.44024588,126.5619244,제주특별자치도 제주시 아라일동 산 24-2,
자연,삼의양오름,세미오름,33.4390897,126.5623432,제주특별자치도 제주시 아라동 산 24-2,
자연,새별오름,새별오름,33.36619365,126.3577119,제주특별자치도 제주시 애월읍 봉성리 산 59-3,
자연,새신오름,새신오름,33.29818979,126.2393193,제주특별자치도 제주시 한경면 산양리,
자연,생각하는정원,생각하는정원 출입구1,33.32606852,126.2549979,제주특별자치도 제주시 한경면 저지리 1529-7,
자연,서건도,서건도,33.22999483,126.4986272,제주특별자치도 서귀포시 강정동 산 1,
자연,서귀포자연휴양림,서귀포자연휴양림,33.31229131,126.464872,제주특별자치도 서귀포시 하원동 산 1-1,
자연,서귀포해양도립공원,서귀포해양도립공원,33.2415869,126.5577677,제주특별자치도 서귀포시 서홍동,
자연,석부작박물관,석부작박물관,33.25040315,126.536502,제주특별자치도 서귀포시 호근동 569-2,
자연,선흘곶자왈,동백동산,33.5164508,126.7160285,제주특별자치도 제주시 조천읍 선흘리 산 12,
자연,섭지코지,섭지코지,33.42393807,126.9306092,제주특별자치도 서귀포시 성산읍 고성리 87,
자연,성산일출봉,성산일출봉,33.45913497,126.9405375,제주특별자치도 서귀포시 성산읍 성산리 78,
자연,세화해변,세화해변,33.52514366,126.8602562,제주특별자치도 제주시 구좌읍 세화리 1-1,
자연,소남머리,소남머리,33.24339616,126.569759,제주특별자치도 서귀포시 송산동,
자연,소정방폭포,소정방폭포,33.24522641,126.5776345,제주특별자치도 서귀포시 서귀동,
자연,손지오름,손자봉,33.45662365,126.8198323,제주특별자치도 제주시 구좌읍 종달리 산 52,
자연,송아오름,송아오름,33.33563763,126.2385686,제주특별자치도 제주시 한경면 조수리 134,
자연,송악산,송악산,33.19921553,126.2901175,제주특별자치도 서귀포시 대정읍 상모리 산 2,
자연,쇠머리오름,쇠머리오름,33.49227259,126.9636633,제주특별자치도 제주시 우도면 연평리 산 17,
자연,쇠소깍,쇠소깍,33.25235487,126.624332,제주특별자치도 서귀포시 남원읍 하례리 1889,
자연,수악,수악,33.32473827,126.6093767,제주특별자치도 서귀포시 남원읍 하례리 산 10,
자연,수월봉,수월봉,33.2946169,126.1631723,제주특별자치도 제주시 한경면 고산리 3763,
자연,신양섭지코지해변,신양섭지해수욕장,33.43510307,126.9234728,제주특별자치도 서귀포시 성산읍 고성리 186-2,
자연,신양마을,신양마을,33.94140779,126.3209185,제주특별자치도 제주시 추자면 신양리,
자연,신풍신천바다목장,신천목장,33.3562684,126.8679163,제주특별자치도 서귀포시 성산읍 신천리 1,
자연,쌍용굴,한림공원 쌍용굴,33.38645018,126.2407225,제주특별자치도 제주시 한림읍 협재리,
자연,아부오름,아부오름,33.44858418,126.777215,제주특별자치도 제주시 구좌읍 송당리 2263,
자연,안덕계곡,안덕계곡,33.25720217,126.3525826,제주특별자치도 서귀포시 안덕면 감산리 1946,
자연,어승생,어승생승마장,33.4256641,126.490813,제주특별자치도 제주시 노형동 산 14-1,
자연,엉또폭포,엉또폭포,33.26853216,126.4999655,제주특별자치도 서귀포시 강정동 5628,
자연,엉알해안,엉알해안,33.29942092,126.1675155,제주특별자치도 제주시 한경면 고산리,
자연,여미지식물원,여미지식물원,33.25260678,126.4142595,제주특별자치도 서귀포시 색달동 2484-1,
자연,연화못,연화못,33.29425782,126.2332898,제주특별자치도 제주시 한경면 청수리 3333-1,
자연,열안지,열안지,33.42576024,126.5212974,제주특별자치도 제주시 오라동 산 97,
자연,열안지오름,열안지오름,33.47305474,126.6052914,제주특별자치도 제주시 봉개동 산 778-1,
자연,오백나한,오백나한,33.35653848,126.5020585,제주특별자치도 서귀포시 하원동,
자연,오조마을,오조마을,33.46207672,126.9140605,제주특별자치도 서귀포시 성산읍 오조리,
자연,왕이메,왕이메,33.3436202,126.376642,제주특별자치도 서귀포시 안덕면 광평리,
자연,외돌개,외돌개,33.23903382,126.5448623,제주특별자치도 서귀포시 서홍동 791,
자연,용눈이오름,용눈이오름,33.45969968,126.8325101,제주특별자치도 제주시 구좌읍 종달리 산 38,
자연,용두암,용두암,33.51611062,126.5119571,제주특별자치도 제주시 용담2동 483,
자연,용머리해안,용머리해안,33.23165676,126.3147366,제주특별자치도 서귀포시 안덕면 사계리,
자연,용연,새각단,35.47133618,129.36781,울산 남구 용연동,
자연,용천동굴,용천동굴,33.54828143,126.7781698,제주특별자치도 제주시 구좌읍 월정리 1837-2,
자연,우도등대,우도항로표지관리소,33.49309193,126.9660906,제주특별자치도 제주시 우도면 연평리 337,
자연,우도산호해변,우도산호해변,33.50240607,126.9430478,제주특별자치도 제주시 우도면 연평리,
자연,우도,우도,33.50441997,126.9555823,제주특별자치도 제주시 우도면 연평리,
자연,우도마을,우도마을,33.511863,126.9649079,제주특별자치도 제주시 우도면 연평리,
자연,웃세오름,한라산 웃세붉은오름,33.36035534,126.5207017,제주특별자치도 서귀포시 서호동 산 183-1,
자연,월정리해변,월정리해수욕장,33.55646939,126.7958051,제주특별자치도 제주시 구좌읍 월정리 33-3,
자연,이호테우해변,이호테우해수욕장,33.4973768,126.4526908,제주특별자치도 제주시 이호일동 1665-13,
자연,저지오름,저지오름,33.33268661,126.2508601,제주특별자치도 제주시 한경면 저지리 산 51,
자연,정물알오름,정물알오름,33.34054131,126.3244205,제주특별자치도 제주시 한림읍 금악리 105-1,
자연,정물오름,정물오름,33.33849135,126.3294634,제주특별자치도 제주시 한림읍 금악리 산 52-1,
자연,정방폭포,정방폭포,33.24499661,126.5716053,제주특별자치도 서귀포시 동홍동 299-3,
자연,제주노루생태관찰원,노루생태관찰원,33.44481525,126.625806,제주특별자치도 제주시 봉개동 산 51-2,
자연,제주당처물동굴,당처물동굴,33.55689077,126.78482,제주특별자치도 제주시 구좌읍 월정리 1457,
자연,제주선흘리벵뒤굴,벵뒤굴,33.47537456,126.7179055,제주특별자치도 제주시 조천읍 선흘리 365,
자연,제주토끼섬문주란자생지,토끼섬 문주란자생지,33.5237453,126.9026752,제주특별자치도 제주시 구좌읍 하도리 산 85,
자연,제주하도리철새도래지,하도리철새도래지,33.51121572,126.8970623,제주특별자치도 제주시 구좌읍 하도리,
자연,제주절물자연휴양림,제주절물자연휴양림,33.43915259,126.6280113,제주특별자치도 제주시 봉개동 산 78-1,
자연,제지기오름,제지기오름,33.24161574,126.6094764,제주특별자치도 서귀포시 보목동 275-1,
자연,종달리해안도로,종달리해안도로,33.4826062,126.9017357,제주특별자치도 제주시 구좌읍 종달리 630-1,
자연,주상절리대,대포주상절리,33.23837534,126.4258132,제주특별자치도 서귀포시 중문동 2767,
자연,중문·색달해변,중문색달해수욕장,33.24503815,126.4114987,제주특별자치도 서귀포시 색달동 3039,
자연,지미봉,지미봉,33.49960787,126.9030165,제주특별자치도 제주시 구좌읍 종달리 산 3-1,
자연,차귀도,차귀도,33.31155496,126.1476252,제주특별자치도 제주시 한경면 고산리 125,
자연,천아오름,천아오름,33.3959387,126.4499396,제주특별자치도 제주시 애월읍 광령리 산 182-1,
자연,천제연폭포,천제연폭포,33.25267658,126.4183754,제주특별자치도 서귀포시 중문동 2232,
자연,천지연폭포,천지연폭포,33.24720872,126.5545245,제주특별자치도 서귀포시 서홍동 2565,
자연,추자도,추자도,33.95286305,126.3148473,제주특별자치도 제주시 추자면 묵리,
자연,추자도등대,추자도등대,33.95789026,126.2982718,제주특별자치도 제주시 추자면 영흥리 75,
자연,카멜리아힐,카멜리아힐,33.28963443,126.3700095,제주특별자치도 서귀포시 안덕면 상창리 271,
자연,폭낭오름,폭낭오름,33.35202041,126.3818635,제주특별자치도 제주시 애월읍 봉성리 산 43,
자연,표선해비치해변,표선해수욕장,33.32751092,126.8374248,제주특별자치도 서귀포시 표선면 표선리,
자연,하고수동해변,하고수동해변,33.5141508,126.9576482,제주특별자치도 제주시 우도면 연평리,
자연,하모리해변,하모해수욕장,33.21106494,126.2607532,제주특별자치도 서귀포시 대정읍 하모리,
자연,한대오름,한라산 한대오름,33.35631853,126.424477,제주특별자치도 제주시 애월읍 봉성리 산 1,
자연,한라산,한라산국립공원,33.37666556,126.5422209,제주특별자치도 제주시 오등동 산 182,
자연,한라산백록담,백록담,33.3624195,126.5333432,제주특별자치도 서귀포시 토평동 산 15-1,
자연,한라산성판악,성판악,33.37530348,126.5845894,제주특별자치도 제주시 조천읍 교래리 산 137-2,
자연,한라산영실,한라산영실,33.31925848,126.4783179,제주특별자치도 서귀포시 도순동 산 1,
자연,한라생태숲,한라생태숲,33.43129334,126.5976996,제주특별자치도 제주시 용강동 산 14-1,
자연,한라수목원,한라수목원,33.46978393,126.4932661,제주특별자치도 제주시 연동 2484,
자연,함덕서우봉해변,함덕해수욕장,33.54306157,126.6692389,제주특별자치도 제주시 조천읍 함덕리 1004-10,
자연,협재굴,한림공원 협재굴,33.38704177,126.2401585,제주특별자치도 제주시 한림읍 협재리,
자연,협재해변,협재해수욕장,33.39386608,126.2391575,제주특별자치도 제주시 한림읍 협재리 2447,
자연,형제섬,형제섬,34.71091499,128.644666,경남 거제시 남부면,
자연,혼인지,혼인지,33.41519517,126.8937741,제주특별자치도 서귀포시 성산읍 온평리 1693,
자연,화순금모래해변,화순금모래해수욕장,33.24003243,126.3335893,제주특별자치도 서귀포시 안덕면 화순리 833-2,
자연,황우지해안,황우지해안,33.24146718,126.5505278,제주특별자치도 서귀포시 천지동 765-7,
자연,후곡악,후곡악,33.42941565,126.8267317,제주특별자치도 서귀포시 성산읍 수산리 4504,
자연,흙붉은오름,주체오름,33.49170709,126.7475905,제주특별자치도 제주시 구좌읍 덕천리 864,
체험관광지,갈중이,농업회사법인 주식회사갈중이,33.2350986,126.3136584,제주특별자치도 서귀포시 안덕면 사계리 113,
체험관광지,교래삼다수마을,교래삼다수마을,33.43125455,126.6783221,제주특별자치도 제주시 조천읍 교래리,
체험관광지,구엄어촌체험마을,구엄어촌체험마을,33.48389199,126.3769431,제주특별자치도 제주시 애월읍 구엄리 608-1,
체험관광지,다이나믹메이즈,다이나믹메이즈 에피소드3,33.39915757,126.785287,제주특별자치도 서귀포시 표선면 성읍리 2381,
체험관광지,다희연,다희연 동굴의다원,33.48445045,126.7079384,제주특별자치도 제주시 조천읍 선흘리 600-12,
체험관광지,도순다원,설록다원도순,33.27307489,126.4828604,제주특별자치도 서귀포시 도순동 1-1,
체험관광지,동광리농촌체험마을,동광농촌체험마을 캠핑장,33.30670174,126.3370427,제주특별자치도 서귀포시 안덕면 동광리 976,
체험관광지,두맹이골목,두맹이골목,33.5121313,126.5350037,제주특별자치도 제주시 일도2동,
체험관광지,마린파크,마린파크,33.24081399,126.3347422,제주특별자치도 서귀포시 안덕면 화순리 823,
체험관광지,번개과학체험관,번개과학체험관,33.28952673,126.5888397,제주특별자치도 서귀포시 토평동 1799,
체험관광지,사진놀이터,사진놀이터,33.45675002,126.4417351,제주특별자치도 제주시 애월읍 광령리 100-3,
체험관광지,서귀포가시리마을,가시리마을,33.38307571,126.7329447,제주특별자치도 서귀포시 표선면 가시리 산 41-3,
체험관광지,서귀포알토산마을,알토산정보화마을,33.30880507,126.7796586,제주특별자치도 서귀포시 표선면 토산리 537-3,
체험관광지,서귀포예래생태마을,예래생태마을,33.24934513,126.3929145,제주특별자치도 서귀포시 상예동 1307,
체험관광지,서귀포용왕난드르마을,용왕난드르 향토음식체험장,33.23542086,126.3669438,제주특별자치도 서귀포시 안덕면 창천리 876-1,
체험관광지,서프라이즈테마파크,서프라이즈테마파크,33.46516535,126.6595954,제주특별자치도 제주시 조천읍 와흘리 2988,
체험관광지,성이시돌목장,성이시돌목장,33.34776988,126.3273211,제주특별자치도 제주시 한림읍 금악리 142,
체험관광지,신흥2리마을,신흥2리마을회관,36.16526542,127.2046696,충남 논산시 양촌면 신흥리 306-4,
체험관광지,아홉굿마을,낙천아홉굿마을,33.32760549,126.2267772,제주특별자치도 제주시 한경면 낙천리 1916,
체험관광지,어멍아방잔치마을,어멍아방잔치마을,33.36190453,126.840566,제주특별자치도 서귀포시 성산읍 신풍리 500-1,
체험관광지,위미1리어촌체험마을,위미1리어촌체험마을,33.27102755,126.6586934,제주특별자치도 서귀포시 남원읍 위미리 2937-2,
체험관광지,이상한나라의앨리스,제주거울미로 이상한나라의 앨리스,33.2889975,126.3216275,제주특별자치도 서귀포시 안덕면 서광리 717-3,
체험관광지,이중섭문화거리,이중섭거리,33.24565245,126.564181,제주특별자치도 서귀포시 서귀동 512,
체험관광지,점보빌리지,점보빌리지,33.27627648,126.3051056,제주특별자치도 서귀포시 안덕면 서광리 2351,
체험관광지,제주동백마을,제주동백마을,33.32038818,126.7451815,제주특별자치도 서귀포시 남원읍 신흥리 1759-2,
체험관광지,제주명도암참살이마을,명도암참살이마을,33.46249479,126.6062988,제주특별자치도 제주시 봉개동 270-3,
체험관광지,제주서광다원,제주서광다원,33.3083756,126.3067324,제주특별자치도 서귀포시 안덕면 서광리 1203-14,
체험관광지,제주서귀포상예마을,상예마을,33.26621324,126.3755612,제주특별자치도 서귀포시 상예동,
체험관광지,제주유수암마을,유수암마을,33.4413234,126.4027651,제주특별자치도 제주시 애월읍 유수암리 1892-1,
체험관광지,제주청수마을,청수마을,33.31807493,126.2475176,제주특별자치도 제주시 한경면 청수리 1572-3,
체험관광지,제주초콜릿랜드,초콜릿랜드,33.24940041,126.4134525,제주특별자치도 서귀포시 색달동 2864-36,
체험관광지,제주도예촌,제주도예촌,33.26491551,126.235551,제주특별자치도 서귀포시 대정읍 영락리 1,
체험관광지,제주마방목지,제주마방목지,33.42725344,126.6030774,제주특별자치도 제주시 용강동 산 14-34,
체험관광지,제주선인장마을,제주선인장마을,33.37518805,126.2157223,제주특별자치도 제주시 한림읍 월령리 417,
체험관광지,제주탐나라공화국,제주탐나라공화국,33.33371704,126.326905,제주특별자치도 제주시 한림읍 금악리 81-9,
체험관광지,제주허브동산,제주허브동산,33.32968333,126.8151318,제주특별자치도 서귀포시 표선면 표선리 2608,
체험관광지,제주힐링명상센터,무병장수테마파크,33.39556313,126.3610086,제주특별자치도 제주시 애월읍 어음리 49,
체험관광지,조랑말체험공원,조랑말체험공원,33.38309728,126.7362849,제주특별자치도 서귀포시 표선면 가시리 3149-33,
체험관광지,주식회사제이엠그랑블루요트,제이엠그랑블루요트,33.23825046,126.4395518,제주특별자치도 서귀포시 대포동 2184-15,
체험관광지,하도어촌체험마을,하도어촌체험마을,33.52003178,126.9040529,제주특별자치도 제주시 구좌읍 하도리 22-10,
체험관광지,한수풀해녀학교,제주한수풀해녀학교,33.4427256,126.2785176,제주특별자치도 제주시 한림읍 귀덕리 4107-2,
체험관광지,혼인지마을,혼인지마을,33.40551642,126.9038478,제주특별자치도 서귀포시 성산읍 온평리 956-1,
건축/조형물,사라봉,사라봉,33.51793874,126.5450389,제주특별자치도 제주시 건입동 387-1,
건축/조형물,새섬새연교,새연교,33.23853254,126.558886,제주특별자치도 서귀포시 서홍동 707-4,
건축/조형물,선임교,선임교,33.25164578,126.4169744,제주특별자치도 서귀포시 중문동,
건축/조형물,제주해녀항일운동기념탑,제주해녀 항일운동기념공원 제주해녀항일운동기념탑,33.5216489,126.863349,제주특별자치도 제주시 구좌읍 상도리 471-32,
문화/예술/역사,관덕정,관덕정,33.51334915,126.5214571,제주특별자치도 제주시 삼도2동 983-1,
문화/예술/역사,관음사,관음사,33.42374026,126.5581237,제주특별자치도 제주시 아라일동 387,
문화/예술/역사,금룡사,금룡사,36.10557899,128.3412583,경북 구미시 형곡동 566,
문화/예술/역사,대정향교,대정향교주차장,33.23892324,126.2889384,제주특별자치도 서귀포시 안덕면 사계리 3129-1,
문화/예술/역사,명월대,명월대,33.38901265,126.2662279,제주특별자치도 제주시 한림읍 명월리 2223,
문화/예술/역사,모충사,모충사,33.51606702,126.5460174,제주특별자치도 제주시 건입동 426,
문화/예술/역사,방사탑,방사탑,33.51340556,126.4842895,제주특별자치도 제주시 용담삼동 2580-55,
문화/예술/역사,백제사,백제사,33.44885763,126.4242237,제주특별자치도 제주시 애월읍 광령리 4121,
문화/예술/역사,법화사,법화사,33.26504376,126.4575917,제주특별자치도 서귀포시 하원동 1071-1,
문화/예술/역사,별방진,별방진,33.52677198,126.8828987,제주특별자치도 제주시 구좌읍 하도리 3354,
문화/예술/역사,보덕사,보덕사,36.7189092,126.6355924,충남 예산군 덕산면 상가리 277,
문화/예술/역사,보림사,보림사,34.80769524,126.8965282,전남 장흥군 유치면 봉덕리 45,
문화/예술/역사,불탑사,불탑사,33.52929506,126.5981808,제주특별자치도 제주시 삼양일동 696,
문화/예술/역사,산방굴사,산방굴사,33.2379626,126.3130909,제주특별자치도 서귀포시 안덕면 사계리 3693,
문화/예술/역사,산천단곰솔,곰솔흑송,33.44740877,126.5529876,제주특별자치도 제주시 아라일동 375-1,
문화/예술/역사,서귀본향당,서귀본향당,33.24633597,126.5647185,제주특별자치도 서귀포시 서귀동 535,
문화/예술/역사,서귀포김정희유배지,추사유배지,33.25040562,126.2781963,제주특별자치도 서귀포시 대정읍 안성리 1661-1,
문화/예술/역사,서귀포하논분화구,하논,33.251055,126.5450403,제주특별자치도 서귀포시 서홍동,
문화/예술/역사,선광사,선광사,35.17716406,128.9954945,부산 사상구 덕포동 21-2,
문화/예술/역사,성읍민속마을,성읍민속마을,33.38700668,126.7999853,제주특별자치도 서귀포시 표선면 성읍리 820-1,
문화/예술/역사,신촌향사,신촌향사,33.53643047,126.6205455,제주특별자치도 제주시 조천읍 신촌리 2156-1,
문화/예술/역사,약천사,약천사,33.24623622,126.4494585,제주특별자치도 서귀포시 대포동 1165,
문화/예술/역사,양금석가옥,양금석가옥,33.29132857,126.6284809,제주특별자치도 서귀포시 남원읍 신례리 1314,
문화/예술/역사,연북정,연북정,33.54008358,126.6361195,제주특별자치도 제주시 조천읍 조천리 2690,
문화/예술/역사,오현단,오현단,33.51041917,126.5257267,제주특별자치도 제주시 이도1동 1421-3,
문화/예술/역사,월영사,월영사,33.47781058,126.4136737,제주특별자치도 제주시 애월읍 상귀리 329,
문화/예술/역사,월정사,월정사,37.7317159,128.5921075,강원 평창군 진부면 동산리 63-1,
문화/예술/역사,이중섭거주지,이중섭거주지,33.24554838,126.5643275,제주특별자치도 서귀포시 서귀동 512-1,
문화/예술/역사,절부암,절부암,33.32369021,126.1671398,제주특별자치도 제주시 한경면 용수리 4241-5,
문화/예술/역사,정의향교,성읍민속마을 정의향교,33.38679736,126.7998955,제주특별자치도 서귀포시 표선면 성읍리 820-1,
문화/예술/역사,제주삼성혈,삼성혈,33.50442977,126.5287641,제주특별자치도 제주시 이도1동 1313,
문화/예술/역사,제주삼양동유적,제주삼양동유적,33.52332447,126.5876808,제주특별자치도 제주시 삼양동 1660-5,
문화/예술/역사,제주목관아,제주목 관아,33.51420236,126.5220035,제주특별자치도 제주시 삼도2동 1045-1,
문화/예술/역사,제주민속촌,제주민속촌,33.32239595,126.8422973,제주특별자치도 서귀포시 표선면 표선리 40-1,
문화/예술/역사,제주성지,제주성지,33.5101297,126.5254743,제주특별자치도 제주시 이도1동 1437-6,
문화/예술/역사,제주향교,제주향교,33.51111202,126.5155843,제주특별자치도 제주시 용담1동 298-1,
문화/예술/역사,천왕사,대한불교조계종천왕사,33.40777553,126.4950368,제주특별자치도 제주시 노형동 산 20-17,
문화/예술/역사,평화통일불사리탑,평화통일불사리탑,33.5319587,126.6362095,제주특별자치도 제주시 조천읍 조천리 2268-1,
박물관/전시관/미술관,김영갑갤러리,김영갑갤러리두모악,33.37189523,126.8541359,제주특별자치도 서귀포시 성산읍 삼달리 437-5,
박물관/전시관/미술관,왈종미술관,왈종미술관,33.24519534,126.5738104,제주특별자치도 서귀포시 동홍동 281-2,
박물관/전시관/미술관,자연사랑미술관,자연사랑 가시리전시장,33.35542985,126.7716123,제주특별자치도 서귀포시 표선면 가시리 1924,
박물관/전시관/미술관,제주놀라운트릭아이미술관,놀라운트릭아이미술관,33.34720789,126.3574002,제주특별자치도 제주시 한림읍 금악리 산 30-12,
박물관/전시관/미술관,제주도립미술관,제주도립미술관,33.45258465,126.4896447,제주특별자치도 제주시 연동 680-7,
박물관/전시관/미술관,제주특별자치도립기당미술관,기당미술관,33.24488858,126.5511971,제주특별자치도 서귀포시 서홍동 621,
박물관/전시관/미술관,제주현대미술관,제주현대미술관,33.33966279,126.2655893,제주특별자치도 제주시 한경면 저지리 2114-63,
박물관/전시관/미술관,건강과성박물관,건강과성박물관,33.25489914,126.346663,제주특별자치도 서귀포시 안덕면 감산리 1404,
박물관/전시관/미술관,국립제주박물관,국립제주박물관,33.51359629,126.5488761,제주특별자치도 제주시 건입동 261,
박물관/전시관/미술관,그리스신화박물관,그리스신화박물관,33.34861302,126.3571353,제주특별자치도 제주시 한림읍 금악리 산 30-12,
박물관/전시관/미술관,돌거북이수석박물관,봉황솟대박물관,33.31575925,126.2624909,제주특별자치도 제주시 한경면 청수리 20-1,
박물관/전시관/미술관,믿거나말거나박물관,믿거나말거나박물관,33.2512223,126.4128179,제주특별자치도 서귀포시 색달동 2864-2,
박물관/전시관/미술관,박물관은살아있다,박물관은살아있다 인사동점,37.57179354,126.9872765,서울 종로구 인사동 43,
박물관/전시관/미술관,본태박물관,본태박물관,33.3037709,126.3924797,제주특별자치도 서귀포시 안덕면 상천리 380,
박물관/전시관/미술관,봉황솟대박물관,봉황솟대박물관,33.31575925,126.2624909,제주특별자치도 제주시 한경면 청수리 20-1,
박물관/전시관/미술관,세계조가비박물관,세계조가비박물관,33.24744339,126.5515832,제주특별자치도 서귀포시 서홍동 557-1,
박물관/전시관/미술관,신영영화박물관무비스타,제주신영영화박물관,33.27434687,126.704252,제주특별자치도 서귀포시 남원읍 남원리 2380,
박물관/전시관/미술관,아프리카박물관,아프리카박물관,33.23974044,126.4293493,제주특별자치도 서귀포시 대포동 1833,
박물관/전시관/미술관,제주세계자연유산센터,제주 세계자연유산센터,33.45688437,126.7147213,제주특별자치도 제주시 조천읍 선흘리 478,
박물관/전시관/미술관,제주교육박물관,제주교육박물관,33.49467315,126.5379723,제주특별자치도 제주시 이도2동 539-14,
박물관/전시관/미술관,제주도민속자연사박물관,제주특별자치도 민속자연사박물관,33.50634441,126.5315261,제주특별자치도 제주시 일도2동 996-1,
박물관/전시관/미술관,제주돌문화공원,제주돌문화공원,33.44821824,126.6590636,제주특별자치도 제주시 조천읍 교래리 산 119,
박물관/전시관/미술관,제주세계성문화박물관,제주월드컵경기장 세계성문화박물관,33.24577538,126.5081728,제주특별자치도 서귀포시 법환동 914,
박물관/전시관/미술관,제주유리박물관,제주유리박물관,33.27854172,126.3701579,제주특별자치도 서귀포시 상예동 4303,
박물관/전시관/미술관,제주테지움,테디베어 사파리,33.41248458,126.3933945,제주특별자치도 제주시 애월읍 소길리 155-114,
박물관/전시관/미술관,제주평화박물관,제주평화박물관(2020년8월31일 까지 휴업),33.30564319,126.2492274,제주특별자치도 제주시 한경면 청수리 1166,
박물관/전시관/미술관,조안베어뮤지엄,조안베어뮤지엄,33.24025246,126.4340627,제주특별자치도 서귀포시 대포동 1959,
박물관/전시관/미술관,초콜릿박물관,초콜릿박물관,33.2570371,126.2299707,제주특별자치도 서귀포시 대정읍 일과리 551-18,
박물관/전시관/미술관,테디베어뮤지엄제주,테디베어뮤지엄 제주점,33.25029595,126.4121631,제주특별자치도 서귀포시 색달동 2889,
박물관/전시관/미술관,피규어뮤지엄제주,피규어뮤지엄제주,33.28190641,126.3553565,제주특별자치도 서귀포시 안덕면 상창리 1875-8,
박물관/전시관/미술관,해녀박물관,제주해녀박물관,33.52358922,126.8634192,제주특별자치도 제주시 구좌읍 하도리 3204-1,
박물관/전시관/미술관,갓전시관,갓전시관,33.43719224,126.6706477,제주특별자치도 제주시 조천읍 교래리 457-1,
박물관/전시관/미술관,고흐의정원,고흐의정원,33.37337564,126.8437184,제주특별자치도 서귀포시 성산읍 삼달리 1184,
박물관/전시관/미술관,방림원,방림원,33.33714489,126.2685364,제주특별자치도 제주시 한경면 저지리 2120-91,
박물관/전시관/미술관,서귀포천문과학문화관,서귀포천문과학문화관,33.28886609,126.4604245,제주특별자치도 서귀포시 하원동 산 70,
박물관/전시관/미술관,서복전시관,서복전시관,33.24491119,126.5708889,제주특별자치도 서귀포시 서귀동 102-3,
박물관/전시관/미술관,아쿠아플라넷제주,한화아쿠아플라넷 제주,33.43305363,126.9278792,제주특별자치도 서귀포시 성산읍 고성리 127-1,
박물관/전시관/미술관,제주추사관,제주추사관,33.24997299,126.2782213,제주특별자치도 서귀포시 대정읍 안성리 1661-1,
박물관/전시관/미술관,제주국제평화센터,제주국제평화센터,33.24530962,126.4217033,제주특별자치도 서귀포시 중문동 2574-1,
박물관/전시관/미술관,제주통일관,제주통일관,33.506713,126.5307708,제주특별자치도 제주시 일도2동 968-2,
박물관/전시관/미술관,캐릭파크,캐릭파크,33.47955699,126.7005655,제주특별자치도 제주시 조천읍 선흘리 2013-2,
박물관/전시관/미술관,트랜스포머오토봇얼라이언스,제주신화월드 트랜스포머오토봇얼라이언스,33.30266572,126.3171528,제주특별자치도 서귀포시 안덕면 서광리 산 24-15,
박물관/전시관/미술관,하멜상선전시관,하멜상선전시관,33.23331003,126.3137024,제주특별자치도 서귀포시 안덕면 사계리 116-7,
박물관/전시관/미술관,한국야구명예전당,한국야구명예의전당,33.26055208,126.4984484,제주특별자치도 서귀포시 강정동 1479-1,
박물관/전시관/미술관,헬로키티아일랜드,헬로키티아일랜드,33.28995334,126.3520703,제주특별자치도 서귀포시 안덕면 상창리 1963-2,
산업,넥슨컴퓨터박물관,넥슨컴퓨터박물관,33.47175131,126.4849796,제주특별자치도 제주시 노형동 86,
산업,맥파이브루어리,맥파이 양조장&탭룸,33.5032054,126.6171779,제주특별자치도 제주시 회천동 1309,
산업,신화워터파크,신화워터파크,33.30607049,126.315405,제주특별자치도 서귀포시 안덕면 서광리 산 24,
산업,신화테마파크,신화테마파크,33.30475888,126.3152821,제주특별자치도 서귀포시 안덕면 서광리 산 35-20,
산업,정석항공관,정석 항공관 주차장1,33.39232491,126.7240685,제주특별자치도 서귀포시 표선면 가시리 산 52-4,
산업,제주맥주,브라운탭 제주중문수제맥주,33.25095014,126.4332522,제주특별자치도 서귀포시 중문동 1884-5,
산업,플레이케이팝,플레이케이팝 별이빛나는밤에,33.24951837,126.4132285,제주특별자치도 서귀포시 색달동 2864-36,
자연,문섬,,33.227111,126.566015,제주특별자치도 서귀포시 서귀동 산 4,
자연,섶섬,,33.231022,126.598701,제주특별자치도 서귀포시 보목동,
자연,범섬,,33.218088,126.516772,제주특별자치도 서귀포시 법환동,
자연,새섬,,33.236859,126.562072,제주특별자치도 서귀포시 서귀동 산 3-2,
자연,수월봉,,33.29485,126.162599,제주특별자치도 제주시 한경면 노을해안로 1013-70,
자연,걸매생태공원,,33.250535,126.55514,제주특별자치도 서귀포시 서홍로 4-42,
체험관광지,물드리네,,33.322824,126.226994,제주특별자치도 제주시 한경면 낙산로 4-28,
체험관광지,제주샘주,,33.444886,126.337423,제주특별자치도 제주시 애월읍 애원로 283,
체험관광지,한라산소주공장,,33.407625,126.256312,제주특별자치도 제주시 한림읍 한림로 555,
문화/예술/역사,알뜨르비행장일제지하벙커,,33.20468,126.271706,제주특별자치도 서귀포시 대정읍 상모리 1670,
문화/예술/역사,항파두리항몽유적,,33.453495,126.40743,제주특별자치도 제주시 애월읍 항파두리로 50,
박물관/전시관/미술관,더플래닛,,33.255473,126.413028,제주특별자치도 서귀포시 색달동 2558,
박물관/전시관/미술관,제주돌마을공원수석박물관,,33.354086,126.253649,제주특별자치도 제주시 한림읍 금능남로 421,
산업,지속가능환경교육센터,,33.462191,126.629144,제주특별자치도 제주시 송이길 226,
