분류,검색_장소명
자연,가메창
자연,가새기오름
자연,가세오름
자연,가시오름
자연,가파도
자연,갈마못
자연,갈마못
자연,감낭오름
자연,가문이오름
자연,개오리오름
자연,갯거리오름
자연,거문오름
자연,거미오름
자연,거미오름
자연,거슨세미
자연,걸시오름
자연,곽지해수욕장
자연,광치기해변
자연,광치기해변
자연,괴오름
자연,구두리오름
자연,구시물
자연,금능해수욕장
자연,금악오름
분류,검색_장소명
자연,괴오름
자연,구두리오름
자연,구시물
자연,제주군산
자연,금악오름
자연,김녕사굴
자연,도너리오름
자연,큰돌이미
자연,동수악
자연,둔지봉
자연,만장굴
자연,모구리오름
자연,산굼부리
자연,삼의봉
자연,새신오름
자연,성산일출봉
자연,손자봉
자연,수악
자연,신양섭지해수욕장
자연,신양마을
자연,쌍용굴
분류,검색_장소명
자연,열안지
자연,열안지오름
자연,오조마을
자연,왕이메
자연,용두암
자연,용머리해안
자연,용연구름다리
자연,용천동굴
자연,우도
자연,정물알오름
자연,정방폭포
자연,노루생태관찰원
자연,당처물동굴
자연,벵뒤굴
자연,문주란자생지
자연,대포주상절리
자연,지미봉
자연,천아오름
자연,천지연폭포
자연,추자도등대
자연,카멜리아힐
자연,폭낭오름
자연,한대오름
자연,백록담
자연,성판악
자연,한라생태숲
자연,한라수목원
자연,함덕해수욕장
자연,한림공원협재굴
자연,협재해수욕장
자연,화순금모래해수욕장
자연,후곡악
자연,주체오름
체험관광지,갈중이
체험관광지,교래삼다수마을
체험관광지,제주다이나믹메이즈
체험관광지,도순다원
체험관광지,동광리농촌체험마을
체험관광지,알토산정보화마을
체험관광지,용왕난드르
체험관광지,서프라이즈테마파크
분류,검색_장소명
체험관광지,낙천아홉굿마을
체험관광지,어멍아방잔치마을
체험관광지,제주이상한나라의앨리스
체험관광지,이중섭거리
체험관광지,명도암참살이마을
체험관광지,제주서광다원
체험관광지,유수암마을
체험관광지,청수마을
체험관광지,제주도예촌
체험관광지,제주선인장마을
체험관광지,제주탐나라공화국
체험관광지,제주허브동산
체험관광지,제이엠그랑블루요트
체험관광지,하도어촌체험마을
체험관광지,혼인지마을
건축/조형물,제주해녀항일운동기념탑
문화/예술/역사,관음사
문화/예술/역사,금룡사
문화/예술/역사,명월대
문화/예술/역사,모충사
문화/예술/역사,백제사
문화/예술/역사,하논분화구
문화/예술/역사,성읍민속마을
문화/예술/역사,약천사
문화/예술/역사,양금석가옥
문화/예술/역사,오현단
문화/예술/역사,월영사
문화/예술/역사,절부암
문화/예술/역사,정의향교
문화/예술/역사,제주삼양동유적
문화/예술/역사,제주성지
문화/예술/역사,제주향교
문화/예술/역사,대한불교조계종천왕사
박물관/전시관/미술관,놀라운트릭아이미술관
박물관/전시관/미술관,건강과성박물관
박물관/전시관/미술관,국립제주박물관
박물관/전시관/미술관,봉황솟대박물관
박물관/전시관/미술관,본태박물관
박물관/전시관/미술관,제주신영영화박물관
박물관/전시관/미술관,제주민속자연사박물관
박물관/전시관/미술관,제주돌문화공원
박물관/전시관/미술관,제주유리박물관
박물관/전시관/미술관,제주평화박물관
박물관/전시관/미술관,제주해녀박물관
박물관/전시관/미술관,고흐의정원
박물관/전시관/미술관,제주통일관
박물관/전시관/미술관,한국야구명예의전당
산업,넥슨컴퓨터박물관
체험관광지,물드리네
문화/예술/역사,항파두리항몽유적
박물관/전시관/미술관,제주돌마을공원수석박물관
산업,지속가능환경교육센터
